N_recipes,n_with_rating,phat,wilson_low,wilson_high
231637,226590,0.01196244587128565,0.011758341380029848,0.012170049633569494
